word,n
privnote.com,319
privatlab.com,169
sendspace.com,39
zoominfo.com,22
protonmail.com,17
web.core.windows.net,15
topcashback.co.uk,14
dyncheck.com,13
gmail.com,12
outlook.com,12
dropmefiles.com,11
shell.com,11
mail.ru,10
ppl.com,9
youtube.com,9
google.com,8
my.vps2day.com,7
jabber.ru,6
nibblefish.net,6
ro.ru,6
securitylab.ru,6
xerox.org,6
carbonblack.com,5
crunchbase.com,5
ibb.co,5
privatty.com,5
alasu.edu,4
avcheck.net,4
bestchange.ru,4
bk.ru,4
codeby.net,4
docs.vmware.com,4
etrade.com,4
github.com,4
group.com,4
hh.ru,4
lavi.com,4
maxmind.com,4
pacermonitor.com,4
surgeon.co.uk,4
torproject.org,4
bacloud.info,3
blockchain.com,3
demdex.net,3
jkla.com.br,3
ly.ru,3
openmailbox.com,3
qiwi.com,3
scholja.de:jenny,3
shellterproject.com,3
twitter.com,3
2flinkedin.com,2
2fpps.ups.com,2
abc.info,2
acesalfred.com_tom,2
activate.ru,2
alkermes.com,2
asunet.alasu.edu,2
bartholaraka.com,2
bashtel.ru,2
bashupload.com,2
blackbaud.com,2
bluehost.com,2
caranabaz.com,2
cehgroup.com,2
chat.dataitx.com,2
chrome.google.com,2
citrix.nampak.com,2
cletricks.com,2
client.country,2
client.userdefined,2
conti.cont,2
ctx.escocitrix.com,2
d3lmob12otz3mw.cloudfront.net,2
dealerminecorp.dealermine.com,2
dias.com,2
digitizedental.co.uk,2
diodes.com,2
divelbiss.com,2
docs.citrix.com,2
ericdraken.com,2
eu.xerox.net,2
eu.xerox.org,2
flowdataindustries.com,2
full.details,2
habr.com,2
henry.com,2
host.com,2
imgur.com,2
independent.co.uk,2
intensewarer.com,2
intoli.com,2
joxi.ru,2
koltygo.com,2
koralmana.com,2
laop.com,2
law.com,2
lemanscorporation.com,2
lertyqa.com,2
levelconsult.us,2
linkedin.com,2
livenation.com,2
mail.rambler.ru,2
my.lyrahosting.com,2
na.xdebeta.xerox.org,2
na.xerox.net,2
na.xerox.org,2
nandos.co.nz,2
nataraman.com,2
nbhdhqdomain.nbhd.org,2
ndd.com.br,2
ocscd.owenscollision.com,2
oividaluxuosa.com,2
online.com,2
ozon.ru,2
pbs.twimg.com,2
perennialsfabrics.com,2
pfizer.com,2
pimux.de,2
portymara.com,2
promedmolding.com,2
ramanra.com,2
register.com,2
site.net,2
sitejabber.com,2
solana.com,2
somecheapdomain.xyz,2
spencersonline.com,2
tonkin.com,2
topcashback.com,2
trustpilot.com,2
tutanota.com,2
uk.refyoo.com,2
unlimited.com,2
updownradar.com,2
us.etrade.com,2
vimeo.com,2
vmwarelearningzone.vmware.com,2
xerox.net,2
xrcc.com,2
yandex.ru,2
zyx.info,2
1jabber.com,1
6eves.net,1
99designs.com,1
abbott.com,1
accesseye.com,1
acesurgical.com,1
adblockplus.org,1
alaskagova.com,1
amanda.convento,1
anaten.net,1
andersonautomotive.com,1
angelantoni.com,1
anonfiles.com,1
app.servisetrade.com,1
aqacidom.com,1
astate.edu,1
bacloud.com,1
becleverwithyourcash.com,1
bestchange.com,1
biekekyw.com,1
billing.indovirtue.com,1
birkenstock.com,1
bleepingcomputer.com,1
blockchair.com,1
boncointunisie.com,1
ca.hostgnome.com,1
cctm.contactcenters.livenation.com,1
celgene.com,1
cerc.co.uk,1
citrix.crocs.com,1
cloud.qu.edu.qa,1
cmsco.com,1
cobleskill.edu,1
coinmarketcap.com,1
continews.xyz,1
corp.hrspinner.com,1
corp.ticketsnow.com,1
cpven.com,1
crackedshop.org,1
ctx.macsteel.co.za,1
diary.ru,1
disk.yandex.ru,1
dnb.com,1
do.ithemi.com,1
donspix.com,1
downforeveryoneorjustme.com,1
dpaschoal.cloud.com,1
drive.google.com,1
dropmefiles.com.ua,1
eicar.com,1
ellsworth.com,1
emploimed.com,1
emsonline.tritech.com,1
estaciobr.cloud.com,1
europe.bd.com,1
ex.robpay.org,1
excelmediation.com,1
exomidem.com,1
extranet.uj.edu.pl,1
fakenamegenerator.com,1
fay.com,1
financialhorizons.com,1
fuuhwyyw.com,1
ganacon.ithemi.com,1
glenmarkpharma.com,1
gmx.com,1
gnupt.de,1
group.chantellelingerie.com,1
grundfos.com,1
halartymana.com,1
harmony.pnzhost.com,1
heidelberg.de,1
hhcdn.ru,1
hws.edu,1
hx.spiderfoot.net,1
i.imgur.com,1
i.prntscr.com,1
iqelwyed.com,1
itldc.com,1
javabomb.com:ceimr082048,1
jimmecir.com,1
jpnoonan.com,1
kryptoslogic.com,1
liemekom.com,1
links.uk,1
lins.corp,1
lionet.livejournal.com,1
live.capebd.com,1
log.optimizely.com,1
loudounmutual.com,1
loudounmutual.comweb,1
lovettrealty.com,1
luvander.com,1
lyonwaugh.com,1
lyv.livenation.com,1
mail.com,1
malware.ru,1
memail.com,1
mi.org,1
microsoft.com,1
milled.com,1
monarchnm.com,1
my.itldc.com,1
naratabavaz.com,1
nzuniforms.com,1
o1wthlgu69lh5n8j.xyz,1
o2gc2dco8nq9p6t.xyz,1
o3r9bhxu38hf4m.xyz,1
office.dentontownship,1
old.reddit.com,1
onfager.com,1
organization.companies,1
ottenbourg.com,1
our_ips.conf,1
owtoeked.com,1
ozbargain.com.au,1
paramanama.com,1
parkisolutions.com,1
paypal.com,1
pembrokenc.com,1
pinterest.com,1
pjtsmartsuite.skec.com,1
portal.bavaria.com,1
portal.ponsse.com,1
ppdi.com,1
premieraffinityservices.com,1
proloads.com,1
protransport.cloud.com,1
quintile.com,1
rebatekey.com,1
regeneron.com,1
remote.stockport.gov.uk,1
research.com,1
resultbihar.com,1
reviewcentre.com,1
rocketreach.co,1
romangrey.net,1
ru.wikipedia.org,1
sanofi.com,1
santen.com,1
schemas.microsoft.com,1
securityintelligence.com,1
seminolestate.edu,1
sharklasers.com,1
shpock.com,1
signalhire.com,1
similarweb.com,1
site:loudounmutual.com,1
slingshotsforchrist.com,1
solution4u.com,1
spamanalyze.info,1
stackoverflow.com,1
standoutglobal.com,1
startstv.com,1
student.uj.edu.pl,1
subwowhostels.com,1
sun.com,1
svl.com,1
swim.romangrey.net,1
takeda.com,1
test.medicardphils.com,1
thereverend.co.uk,1
thesensescollection.com,1
thesun.co.uk,1
threatpost.com,1
tonziradio.com,1
torrbrowser.ru,1
tpfcu.com,1
trade.kucoin.com,1
tusouhed.com,1
tutanota.de,1
uk.co.uk,1
uk.no1reviews.com,1
unither.com,1
vlab.uidaho.edu,1
vote.creativedune.com,1
vpn.leeds.ac.uk,1
vtlg.com,1
wearesquared.com,1
weresuckingdiesel.com,1
westbridgfordianscc.co.uk,1
whoer.net,1
wwctrials.com,1
ydcuwyom.com,1
ydewuhom.com,1
zhumakt.com,1
